ID;;;;;;TITRE;FLAG;;;;;
1;10000;images/Synopsis/10000_Synopsis.txt;2008;105 000 000 USD;Warner Bros. France;10000;YES;;images/IMAGESJPEG_600_800/10000.jpg;images/IMAGESPNG_100_100/10000.png;12 mars 2008 (1h49min);Roland Emmerich
2;1984;images/Synopsis/1984_Synopsis.txt;2012;;-;1984;YES;;images/IMAGESJPEG_600_800/1984.jpg;images/IMAGESPNG_100_100/1984.png;prochainement;
3;301+La+Legende+De+Superplus+Maximus;images/Synopsis/301+La+Legende+De+Superplus+Maximus_Synopsis.txt;2010;-;-;301 La Legende De Superplus Maximus;YES;;images/IMAGESJPEG_600_800/301+La+Legende+De+Superplus+Maximus.jpg;images/IMAGESPNG_100_100/301+La+Legende+De+Superplus+Maximus.png;inconnue (1h27min);Jeff Kanew
4;30+jours+de+nuit;images/Synopsis/30+jours+de+nuit_Synopsis.txt;2007;32 000 000 USD;SND;30 jours de nuit;#N/A;4 nominations;images/IMAGESJPEG_600_800/30+jours+de+nuit.jpg;images/IMAGESPNG_100_100/30+jours+de+nuit.png;9 janvier 2008 (1h45min);David Slade
5;30+minutes+maximum;images/Synopsis/30+minutes+maximum_Synopsis.txt;2011;28 000 000 USD;Sony Pictures Releasing France;30 minutes maximum;YES;;images/IMAGESJPEG_600_800/30+minutes+maximum.jpg;images/IMAGESPNG_100_100/30+minutes+maximum.png;28 decembre 2011 (1h23min);Ruben Fleischer
6;4+mariages+&+1+enterrement;images/Synopsis/4+mariages+&+1+enterrement_Synopsis.txt;2012;;Mars Distribution;4 mariages & 1 enterrement;#N/A;;images/IMAGESJPEG_600_800/4+mariages+&+1+enterrement.jpg;images/IMAGESPNG_100_100/4+mariages+&+1+enterrement.png;2 octobre 2013 (1h32min);Alexandre Coffre
7;$5+a+Day;images/Synopsis/$5+a+Day_Synopsis.txt;2008;-;-;$5 a Day;YES;;images/IMAGESJPEG_600_800/$5+a+Day.jpg;images/IMAGESPNG_100_100/$5+a+Day.png;23 novembre 2010 - en DVD (1h38min);Nigel Cole
8;7+ans+de+seduction;images/Synopsis/7+ans+de+seduction_Synopsis.txt;2004;US$ 30 000 000;SND;7 ans de seduction;YES;;images/IMAGESJPEG_600_800/7+ans+de+seduction.jpg;images/IMAGESPNG_100_100/7+ans+de+seduction.png;10 aout 2005 (1h47min);Nigel Cole
9;88+minutes;images/Synopsis/88+minutes_Synopsis.txt;2007;30 000 000 USD;Metropolitan FilmExport;88 minutes;YES;1 nomination;images/IMAGESJPEG_600_800/88+minutes.jpg;images/IMAGESPNG_100_100/88+minutes.png;30 mai 2007 (1h50min);Jon Avnet
10;A+Cinderella+Story;images/Synopsis/A+Cinderella+Story_Synopsis.txt;2003;-;-;A Cinderella Story;YES;1 nomination;images/IMAGESJPEG_600_800/A+Cinderella+Story.jpg;images/IMAGESPNG_100_100/A+Cinderella+Story.png; 3 octobre 2012 - en DVD (1h34min);Mark Rosman
11;Agents+Secrets;images/Synopsis/Agents+Secrets_Synopsis.txt;2004;;TFM Distribution;Agents Secrets;YES;;images/IMAGESJPEG_600_800/Agents+Secrets.jpg;images/IMAGESPNG_100_100/Agents+Secrets.png;31 mars 2004 (1h49min);Frederic Schoendoerffer
12;A+Good+Year;images/Synopsis/A+Good+Year_Synopsis.txt;2006;35 000 000 USD;Twentieth Century Fox France;A Good Year;YES;;images/IMAGESJPEG_600_800/A+Good+Year.jpg;images/IMAGESPNG_100_100/A+Good+Year.png; 3 janvier 2007 (1h58min);Ridley Scott
14;A+la+recherche+du+bonheur;images/Synopsis/A+la+recherche+du+bonheur_Synopsis.txt;2006;55 000 000 USD;Gaumont Columbia Tristar Films;A la recherche du bonheur;YES;5 prix et 6 nominations;images/IMAGESJPEG_600_800/A+la+recherche+du+bonheur.jpg;images/IMAGESPNG_100_100/A+la+recherche+du+bonheur.png;31 janvier 2007 (1h58min);Gabriele Muccino
15;Ali+G+Indahouse;images/Synopsis/Ali+G+Indahouse_Synopsis.txt;2002;-;Mars Distribution;Ali G Indahouse;YES;;images/IMAGESJPEG_600_800/Ali+G+Indahouse.jpg;images/IMAGESPNG_100_100/Ali+G+Indahouse.png;25 decembre 2002 (1h25min);Mark Mylod
16;All+About+Steve;images/Synopsis/All+About+Steve_Synopsis.txt;2009;-;Twentieth Century Fox France;All About Steve;YES;2 prix et 3 nominations;images/IMAGESJPEG_600_800/All+About+Steve.jpg;images/IMAGESPNG_100_100/All+About+Steve.png; 24 mars 2010 (1h39min);Phil Traill
17;American+Girls;images/Synopsis/American+Girls_Synopsis.txt;2013;;-;American Girls;YES;;images/IMAGESJPEG_600_800/American+Girls.jpg;images/IMAGESPNG_100_100/American+Girls.png;prochainement;James Woods
18;Apocalypse+Now;images/Synopsis/Apocalypse+Now_Synopsis.txt;1979;31 500 000 USD;-;Apocalypse Now;#N/A;7 prix et 13 nominations;images/IMAGESJPEG_600_800/Apocalypse+Now.jpg;images/IMAGESPNG_100_100/Apocalypse+Now.png;26 septembre 1979 (3h22min);Francis Ford Coppola
19;Arsene+Lupin;images/Synopsis/Arsene+Lupin_Synopsis.txt;2004;21 610 000 EUR;SND;Arsene Lupin;YES;1 nomination;images/IMAGESJPEG_600_800/Arsene+Lupin.jpg;images/IMAGESPNG_100_100/Arsene+Lupin.png; 13 octobre 2004 (2h10min);Jean-Paul Salome
20;Arthur+3+La+Guerre+Des+Deux+Mondes;images/Synopsis/Arthur+3+La+Guerre+Des+Deux+Mondes_Synopsis.txt;2010;65 000 000 EUR;EuropaCorp Distribution;Arthur 3 La Guerre Des Deux Mondes;YES;1 nomination;images/IMAGESJPEG_600_800/Arthur+3+La+Guerre+Des+Deux+Mondes.jpg;images/IMAGESPNG_100_100/Arthur+3+La+Guerre+Des+Deux+Mondes.png;13 octobre 2010 (1h40min);Luc Besson
21;August+Rush;images/Synopsis/August+Rush_Synopsis.txt;2007;25 000 000 USD;EuropaCorp Distribution;August Rush;#N/A;1 prix et 4 nominations;images/IMAGESJPEG_600_800/August+Rush.jpg;images/IMAGESPNG_100_100/August+Rush.png; 19 mars 2008 (1h53min);Kirsten Sheridan
22;Australia;images/Synopsis/Australia_Synopsis.txt;2008;130 000 000 USD;Twentieth Century Fox France;Australia;YES;1 prix et 1 nomination;images/IMAGESJPEG_600_800/Australia.jpg;images/IMAGESPNG_100_100/Australia.png;24 decembre 2008 (2h35min);Baz Luhrmann
23;Awake;images/Synopsis/Awake_Synopsis.txt;2008;-;-;Awake;#N/A;1 nomination;images/IMAGESJPEG_600_800/Awake.jpg;images/IMAGESPNG_100_100/Awake.png;1 janvier 2012 - en DVD (1h24min);Joby Harold
24;Away+We+Go;images/Synopsis/Away+We+Go_Synopsis.txt;2009;;Mars Distribution;Away We Go;YES;;images/IMAGESJPEG_600_800/Away+We+Go.jpg;images/IMAGESPNG_100_100/Away+We+Go.png; 4 novembre 2009 (1h38min);Sam Mendes
25;Barbershop;images/Synopsis/Barbershop_Synopsis.txt;2002;;UFD;Barbershop;YES;;images/IMAGESJPEG_600_800/Barbershop.jpg;images/IMAGESPNG_100_100/Barbershop.png;4 juin 2003 (1h42min);Tim Story
26;Bigard+Mon+Psy+Va+Mieux;images/Synopsis/Bigard+Mon+Psy+Va+Mieux_Synopsis.txt;2012;;Mars Distribution;Bigard Mon Psy Va Mieux;YES;;images/IMAGESJPEG_600_800/Bigard+Mon+Psy+Va+Mieux.jpg;images/IMAGESPNG_100_100/Bigard+Mon+Psy+Va+Mieux.png;2 octobre 2013 (1h32min);Alexandre Coffre
27;Big+Fish;images/Synopsis/Big+Fish_Synopsis.txt;2003;70 000 000 USD;Columbia TriStar Films;Big Fish;#N/A;11 nominations;images/IMAGESJPEG_600_800/Big+Fish.jpg;images/IMAGESPNG_100_100/Big+Fish.png;3 mars 2004 (2h5min);Tim Burton
28;Big+Mommas+House;images/Synopsis/Big+Mommas+House_Synopsis.txt;2005;US$ 40 000 000;Twentieth Century Fox France;Big Mommas House;#N/A;1 nomination;images/IMAGESJPEG_600_800/Big+Mommas+House.jpg;images/IMAGESPNG_100_100/Big+Mommas+House.png;22 mars 2006 (1h40min);John Whitesell
29;Blood+Diamond;images/Synopsis/Blood+Diamond_Synopsis.txt;2006;100 000 000 USD;Warner Bros. France;Blood Diamond;YES;2 prix et 7 nominations;images/IMAGESJPEG_600_800/Blood+Diamond.jpg;images/IMAGESPNG_100_100/Blood+Diamond.png; 31 janvier 2007 (2h22min);Edward Zwick
30;Born+To+Fight;images/Synopsis/Born+To+Fight_Synopsis.txt;2004;;Mars Distribution;Born To Fight;YES;;images/IMAGESJPEG_600_800/Born+To+Fight.jpg;images/IMAGESPNG_100_100/Born+To+Fight.png;10 aout 2005 (1h32min);Panna Rittikrai
31;Braqueurs+Amateurs;images/Synopsis/Braqueurs+Amateurs_Synopsis.txt;2004;100 000 000 USD;Gaumont Columbia Tristar Films;Braqueurs Amateurs;YES;;images/IMAGESJPEG_600_800/Braqueurs+Amateurs.jpg;images/IMAGESPNG_100_100/Braqueurs+Amateurs.png;22 fevrier 2006 (1h30min);Dean Parisot
32;Braveheart;images/Synopsis/Braveheart_Synopsis.txt;1995;72 000 000 USD;UFD;Braveheart;#N/A;9 prix et 10 nominations;images/IMAGESJPEG_600_800/Braveheart.jpg;images/IMAGESPNG_100_100/Braveheart.png;4 octobre 1995 (2h45min);Mel Gibson
33;Bruce+Tout+Puissant;images/Synopsis/Bruce+Tout+Puissant_Synopsis.txt;2003;81 000 000 USD;-;Bruce Tout Puissant;YES;1 nomination;images/IMAGESJPEG_600_800/Bruce+Tout+Puissant.jpg;images/IMAGESPNG_100_100/Bruce+Tout+Puissant.png;3 septembre 2003 (1h41min);Tom Shadyac
34;Burlesque;images/Synopsis/Burlesque_Synopsis.txt;2010;55 000 000 USD;Sony Pictures Releasing France;Burlesque;YES;1 prix et 3 nominations;images/IMAGESJPEG_600_800/Burlesque.jpg;images/IMAGESPNG_100_100/Burlesque.png;22 decembre 2010 (1h40min);Steven Antin
35;Burn+After+Reading;images/Synopsis/Burn+After+Reading_Synopsis.txt;2008;37 000 000 USD;StudioCanal;Burn After Reading;YES;6 nominations;images/IMAGESJPEG_600_800/Burn+After+Reading.jpg;images/IMAGESPNG_100_100/Burn+After+Reading.png;10 decembre 2008 (1h35min);Joel Coen
36;Camping+2;images/Synopsis/Camping+2_Synopsis.txt;2009;23 070 000 EUR;Pathe Distribution;Camping 2;YES;1 prix et 3 nominations;images/IMAGESJPEG_600_800/Camping+2.jpg;images/IMAGESPNG_100_100/Camping+2.png;21 avril 2010 (1h39min);Fabien Onteniente
37;Canadian+Pie+;images/Synopsis/Canadian+Pie+_Synopsis.txt;2004;-;-;Canadian Pie ;#N/A;;images/IMAGESJPEG_600_800/Canadian+Pie+.jpg;images/IMAGESPNG_100_100/Canadian+Pie+.png; 1 juillet 2008 - en DVD (1h33min);Mark Griffiths
38;Capitalism+A+Love+Story;images/Synopsis/Capitalism+A+Love+Story_Synopsis.txt;2009;-;Paramount Pictures France;Capitalism A Love Story;YES;4 nominations;images/IMAGESJPEG_600_800/Capitalism+A+Love+Story.jpg;images/IMAGESPNG_100_100/Capitalism+A+Love+Story.png;25 novembre 2009 (2h6min);Michael Moore
39;Case+Depart;images/Synopsis/Case+Depart_Synopsis.txt;2010;-;Mars Distribution;Case Depart;YES;1 prix et 1 nomination;images/IMAGESJPEG_600_800/Case+Depart.jpg;images/IMAGESPNG_100_100/Case+Depart.png;6 juillet 2011 (1h34min);Thomas Ngijol
40;Cashback;images/Synopsis/Cashback_Synopsis.txt;2006;-;Gaumont Columbia Tristar Films;Cashback;#N/A;2 nominations;images/IMAGESJPEG_600_800/Cashback.jpg;images/IMAGESPNG_100_100/Cashback.png;17 janvier 2007 (1h34min);Sean Ellis
41;Casino+Royale;images/Synopsis/Casino+Royale_Synopsis.txt;2006;72 000 000 USD;Gaumont Columbia Tristar Films;Casino Royale;#N/A;2 prix et 13 nominations;images/IMAGESJPEG_600_800/Casino+Royale.jpg;images/IMAGESPNG_100_100/Casino+Royale.png;22 novembre 2006 (2h18min);Martin Campbell
42;Centurion;images/Synopsis/Centurion_Synopsis.txt;2010;;Pathe Distribution;Centurion;YES;;images/IMAGESJPEG_600_800/Centurion.jpg;images/IMAGESPNG_100_100/Centurion.png;7 juillet 2010 (1h37min);Neil Marshall
43;Ce+que+veulent+les+femmes;images/Synopsis/Ce+que+veulent+les+femmes_Synopsis.txt;2000;65 000 000 USD;Bac Films;Ce que veulent les femmes;YES;1 nomination;images/IMAGESJPEG_600_800/Ce+que+veulent+les+femmes.jpg;images/IMAGESPNG_100_100/Ce+que+veulent+les+femmes.png;14 fevrier 2001 (2h6min);Nancy Meyers
44;Ce+Soir+Je+Dors+Chez+Toi;images/Synopsis/Ce+Soir+Je+Dors+Chez+Toi_Synopsis.txt;2007;-;StudioCanal;Ce Soir Je Dors Chez Toi;YES;5 prix et 3 nominations;images/IMAGESJPEG_600_800/Ce+Soir+Je+Dors+Chez+Toi.jpg;images/IMAGESPNG_100_100/Ce+Soir+Je+Dors+Chez+Toi.png;21 novembre 2007 (1h24min);Olivier Baroux
45;Chaos;images/Synopsis/Chaos_Synopsis.txt;2005;;TFM Distribution;Chaos;YES;;images/IMAGESJPEG_600_800/Chaos.jpg;images/IMAGESPNG_100_100/Chaos.png;18 janvier 2006 (1h40min);Tony Giglio
46;Coco+Avant+Chanel;images/Synopsis/Coco+Avant+Chanel_Synopsis.txt;2008;19 430 000 EUR;Warner Bros. France;Coco Avant Chanel;YES;1 prix et 15 nominations;images/IMAGESJPEG_600_800/Coco+Avant+Chanel.jpg;images/IMAGESPNG_100_100/Coco+Avant+Chanel.png; 22 avril 2009 (1h50min);Anne Fontaine
47;College+Road+Trip;images/Synopsis/College+Road+Trip_Synopsis.txt;2008;-;-;College Road Trip;YES;1 nomination;images/IMAGESJPEG_600_800/College+Road+Trip.jpg;images/IMAGESPNG_100_100/College+Road+Trip.png;6 mai 2009 - en DVD (1h20min);Roger Kumble
48;Constantine;images/Synopsis/Constantine_Synopsis.txt;2005;100 000 000 USD;Warner Bros. France;Constantine;YES;2 nominations;images/IMAGESJPEG_600_800/Constantine.jpg;images/IMAGESPNG_100_100/Constantine.png;16 fevrier 2005 (2h1min);Francis Lawrence
49;Crazy+stupid+love;images/Synopsis/Crazy+stupid+love_Synopsis.txt;2011;50 000 000 USD;Warner Bros. France;Crazy stupid love;YES;3 nominations;images/IMAGESJPEG_600_800/Crazy+stupid+love.jpg;images/IMAGESPNG_100_100/Crazy+stupid+love.png;14 septembre 2011 (1h58min);John Requa
50;Cube+2+hypercube;images/Synopsis/Cube+2+hypercube_Synopsis.txt;2002;;Metropolitan FilmExport;Cube 2 hypercube;YES;;images/IMAGESJPEG_600_800/Cube+2+hypercube.jpg;images/IMAGESPNG_100_100/Cube+2+hypercube.png;18 juin 2003 (1h35min);Andrzej Sekula
51;Dahlia+Noir;images/Synopsis/Dahlia+Noir_Synopsis.txt;2006;50 000 000 USD;Metropolitan FilmExport;Dahlia Noir;YES;1 prix et 6 nominations;images/IMAGESJPEG_600_800/Dahlia+Noir.jpg;images/IMAGESPNG_100_100/Dahlia+Noir.png; 8 novembre 2006 (2h0min);Brian De Palma
52;Dans+la+peau+de+Jacques+Chirac;images/Synopsis/Dans+la+peau+de+Jacques+Chirac_Synopsis.txt;2005;-;Rezo Films;Dans la peau de Jacques Chirac;YES;1 prix et 1 nomination;images/IMAGESJPEG_600_800/Dans+la+peau+de+Jacques+Chirac.jpg;images/IMAGESPNG_100_100/Dans+la+peau+de+Jacques+Chirac.png;31 mai 2006 (1h30min);Michel Royer
53;DarkCity;images/Synopsis/DarkCity_Synopsis.txt;1998;;-;DarkCity;YES;;images/IMAGESJPEG_600_800/DarkCity.jpg;images/IMAGESPNG_100_100/DarkCity.png;20 mai 1998 (1h35min);Alex Proyas
54;Da+Vinci+Code;images/Synopsis/Da+Vinci+Code_Synopsis.txt;2006;125 000 000 USD;Gaumont Columbia Tristar Films;Da Vinci Code;YES;1 prix et 5 nominations;images/IMAGESJPEG_600_800/Da+Vinci+Code.jpg;images/IMAGESPNG_100_100/Da+Vinci+Code.png;17 mai 2006 (2h32min);Ron Howard
55;Dinner+for+Schmucks;images/Synopsis/Dinner+for+Schmucks_Synopsis.txt;2010;-;Paramount Pictures France;Dinner for Schmucks;YES;;images/IMAGESJPEG_600_800/Dinner+for+Schmucks.jpg;images/IMAGESPNG_100_100/Dinner+for+Schmucks.png;10 novembre 2010 (1h44min);Jay Roach
56;DIRTY+LOVE;images/Synopsis/DIRTY+LOVE_Synopsis.txt;2005;-;-;DIRTY LOVE;YES;4 prix et 2 nominations;images/IMAGESJPEG_600_800/DIRTY+LOVE.jpg;images/IMAGESPNG_100_100/DIRTY+LOVE.png;1 janvier 2012 - en DVD (1h35min);John Mallory Asher
57;Dirty+Pretty+Things;images/Synopsis/Dirty+Pretty+Things_Synopsis.txt;2002;10000000 USD;TFM Distribution;Dirty Pretty Things;#N/A;2 nominations;images/IMAGESJPEG_600_800/Dirty+Pretty+Things.jpg;images/IMAGESPNG_100_100/Dirty+Pretty+Things.png;3 septembre 2003 (1h47min);Stephen Frears
58;District+9+;images/Synopsis/District+9+_Synopsis.txt;2009;30 000 000 USD;Metropolitan FilmExport;District 9 ;#N/A;12 nominations;images/IMAGESJPEG_600_800/District+9+.jpg;images/IMAGESPNG_100_100/District+9+.png;16 septembre 2009 (1h50min);Neill Blomkamp
59;dogma;images/Synopsis/dogma_Synopsis.txt;1999;;Bac Films;dogma;YES;;images/IMAGESJPEG_600_800/dogma.jpg;images/IMAGESPNG_100_100/dogma.png;19 janvier 2000 (2h10min);Kevin Smith
60;Donne-moi+ta+main;images/Synopsis/Donne-moi+ta+main_Synopsis.txt;2010;-;MC4 Distribution;Donne-moi ta main;YES;;images/IMAGESJPEG_600_800/Donne-moi+ta+main.jpg;images/IMAGESPNG_100_100/Donne-moi+ta+main.png;11 aout 2010 (1h35min);Anand Tucker
61;Duelist;images/Synopsis/Duelist_Synopsis.txt;2005;-;La Fabrique de Films;Duelist;YES;;images/IMAGESJPEG_600_800/Duelist.jpg;images/IMAGESPNG_100_100/Duelist.png;17 mai 2006 (1h50min);Lee Myung-Se
62;En+Bonne+Compagnie;images/Synopsis/En+Bonne+Compagnie_Synopsis.txt;2005;US$ 15 000 000;Pathe Distribution;En Bonne Compagnie;YES;;images/IMAGESJPEG_600_800/En+Bonne+Compagnie.jpg;images/IMAGESPNG_100_100/En+Bonne+Compagnie.png; 11 mai 2005 (1h49min);Paul Weitz
63;En+cloque+mode+d'emploi;images/Synopsis/En+cloque+mode+d'emploi_Synopsis.txt;2007;30 000 000 USD;Paramount Pictures France;En cloque mode d'emploi;#N/A;2 prix et 2 nominations;images/IMAGESJPEG_600_800/En+cloque+mode+d'emploi.jpg;images/IMAGESPNG_100_100/En+cloque+mode+d'emploi.png;10 octobre 2007 (2h10min);Judd Apatow
64;enferme+dehors;images/Synopsis/enferme+dehors_Synopsis.txt;2005;5 29 000 000 EUR;UGC;enferme dehors;#N/A;2 nominations;images/IMAGESJPEG_600_800/enferme+dehors.jpg;images/IMAGESPNG_100_100/enferme+dehors.png;5 avril 2006 (1h28min);Albert Dupontel
65;Equilibrium;images/Synopsis/Equilibrium_Synopsis.txt;2002;;TFM Distribution;Equilibrium;YES;;images/IMAGESJPEG_600_800/Equilibrium.jpg;images/IMAGESPNG_100_100/Equilibrium.png;9 juillet 2003 (1h47min);Kurt Wimmer
66;Eurotrip;images/Synopsis/Eurotrip_Synopsis.txt;2003;-;-;Eurotrip;YES;;images/IMAGESJPEG_600_800/Eurotrip.jpg;images/IMAGESPNG_100_100/Eurotrip.png; 1 aout 2006 - en DVD (1h30min);Jeff Schaffer
67;Everyone+Says+I+Love+You;images/Synopsis/Everyone+Says+I+Love+You_Synopsis.txt;1996;20 000 000 USD;-;Everyone Says I Love You;YES;2 nominations;images/IMAGESJPEG_600_800/Everyone+Says+I+Love+You.jpg;images/IMAGESPNG_100_100/Everyone+Says+I+Love+You.png;12 fevrier 1997 (1h41min);Woody Allen
68;Fast+and+Furious+5+Fast+Five;images/Synopsis/Fast+and+Furious+5+Fast+Five_Synopsis.txt;2011;US$ 125 000 000;Universal Pictures International France;Fast and Furious 5 Fast Five;#N/A;1 prix et 9 nominations;images/IMAGESJPEG_600_800/Fast+and+Furious+5+Fast+Five.jpg;images/IMAGESPNG_100_100/Fast+and+Furious+5+Fast+Five.png;4 mai 2011 (2h10min);Justin Lin
69;Fee+Malgre+Lui+-+2009;images/Synopsis/Fee+Malgre+Lui+-+2009_Synopsis.txt;2012;;Mars Distribution;Fee Malgre Lui - 2009;#N/A;;images/IMAGESJPEG_600_800/Fee+Malgre+Lui+-+2009.jpg;images/IMAGESPNG_100_100/Fee+Malgre+Lui+-+2009.png;2 octobre 2013 (1h32min);Alexandre Coffre
70;Fermats+Room;images/Synopsis/Fermats+Room_Synopsis.txt;2007;-;-;Fermats Room;YES;;images/IMAGESJPEG_600_800/Fermats+Room.jpg;images/IMAGESPNG_100_100/Fermats+Room.png;inconnue (1h28min);Luis Piedrahita, [8
71;Fight+Club+fr;images/Synopsis/Fight+Club+fr_Synopsis.txt;2012;;Mars Distribution;Fight Club fr;#N/A;;images/IMAGESJPEG_600_800/Fight+Club+fr.jpg;images/IMAGESPNG_100_100/Fight+Club+fr.png;2 octobre 2013 (1h32min);Alexandre Coffre
72;FIRST+SUNDAY;images/Synopsis/FIRST+SUNDAY_Synopsis.txt;2007;-;-;FIRST SUNDAY;YES;;images/IMAGESJPEG_600_800/FIRST+SUNDAY.jpg;images/IMAGESPNG_100_100/FIRST+SUNDAY.png;18 juin 2008 - en DVD (1h38min);David E. Talbert
73;Flags+Of+Our+Fathers;images/Synopsis/Flags+Of+Our+Fathers_Synopsis.txt;2006;80 000 000 USD;Warner Bros. France;Flags Of Our Fathers;#N/A;2 prix et 3 nominations;images/IMAGESJPEG_600_800/Flags+Of+Our+Fathers.jpg;images/IMAGESPNG_100_100/Flags+Of+Our+Fathers.png;25 octobre 2006 (2h12min);Clint Eastwood
74;Florence+Foresti+Fait+Des+Sketches+A+La+Cigale;images/Synopsis/Florence+Foresti+Fait+Des+Sketches+A+La+Cigale_Synopsis.txt;2012;;Mars Distribution;Florence Foresti Fait Des Sketches A La Cigale;#N/A;;images/IMAGESJPEG_600_800/Florence+Foresti+Fait+Des+Sketches+A+La+Cigale.jpg;images/IMAGESPNG_100_100/Florence+Foresti+Fait+Des+Sketches+A+La+Cigale.png;2 octobre 2013 (1h32min);Alexandre Coffre
75;florence+foresti+mother+fucker;images/Synopsis/florence+foresti+mother+fucker_Synopsis.txt;2012;;Mars Distribution;florence foresti mother fucker;YES;;images/IMAGESJPEG_600_800/florence+foresti+mother+fucker.jpg;images/IMAGESPNG_100_100/florence+foresti+mother+fucker.png;2 octobre 2013 (1h32min);Alexandre Coffre
76;Frangins+malgre+eux;images/Synopsis/Frangins+malgre+eux_Synopsis.txt;2008;-;Sony Pictures Releasing France;Frangins malgre eux;#N/A;;images/IMAGESJPEG_600_800/Frangins+malgre+eux.jpg;images/IMAGESPNG_100_100/Frangins+malgre+eux.png;19 novembre 2008 (1h38min);Adam McKay
77;Funerailles+D+Enfer+2011;images/Synopsis/Funerailles+D+Enfer+2011_Synopsis.txt;2012;;Mars Distribution;Funerailles D Enfer 2011;#N/A;;images/IMAGESJPEG_600_800/Funerailles+D+Enfer+2011.jpg;images/IMAGESPNG_100_100/Funerailles+D+Enfer+2011.png;2 octobre 2013 (1h32min);Alexandre Coffre
78;Funny+People;images/Synopsis/Funny+People_Synopsis.txt;2008;;Universal Pictures International France;Funny People;YES;;images/IMAGESJPEG_600_800/Funny+People.jpg;images/IMAGESPNG_100_100/Funny+People.png;7 octobre 2009 (2h20min);Judd Apatow
79;Gabriel+;images/Synopsis/Gabriel+_Synopsis.txt;2007;;-;Gabriel ;#N/A;;images/IMAGESJPEG_600_800/Gabriel+.jpg;images/IMAGESPNG_100_100/Gabriel+.png; inconnue (1h49min);Shane Abbess
80;Gad+Elmaleh+-+Papa+est+en+haut;images/Synopsis/Gad+Elmaleh+-+Papa+est+en+haut_Synopsis.txt;2012;;Mars Distribution;Gad Elmaleh - Papa est en haut;#N/A;;images/IMAGESJPEG_600_800/Gad+Elmaleh+-+Papa+est+en+haut.jpg;images/IMAGESPNG_100_100/Gad+Elmaleh+-+Papa+est+en+haut.png;2 octobre 2013 (1h32min);Alexandre Coffre
81;Gad+Elmaleh+Papa+Est+En+Haut;images/Synopsis/Gad+Elmaleh+Papa+Est+En+Haut_Synopsis.txt;2012;;Mars Distribution;Gad Elmaleh Papa Est En Haut;#N/A;;images/IMAGESJPEG_600_800/Gad+Elmaleh+Papa+Est+En+Haut.jpg;images/IMAGESPNG_100_100/Gad+Elmaleh+Papa+Est+En+Haut.png;2 octobre 2013 (1h32min);Alexandre Coffre
82;Ghost+Dog+The+Way+of+the+Samurai;images/Synopsis/Ghost+Dog+The+Way+of+the+Samurai_Synopsis.txt;1999;-;Bac Films;Ghost Dog The Way of the Samurai;#N/A;5 nominations;images/IMAGESJPEG_600_800/Ghost+Dog+The+Way+of+the+Samurai.jpg;images/IMAGESPNG_100_100/Ghost+Dog+The+Way+of+the+Samurai.png;6 octobre 1999 (1h56min);Jim Jarmusch
83;Girls+and+Sex;images/Synopsis/Girls+and+Sex_Synopsis.txt;2001;-;-;Girls and Sex;#N/A;;images/IMAGESJPEG_600_800/Girls+and+Sex.jpg;images/IMAGESPNG_100_100/Girls+and+Sex.png;13 mars 2012 - en DVD (1h30min);Dennis Gansel
84;Good+Night+And+Good+Luck;images/Synopsis/Good+Night+And+Good+Luck_Synopsis.txt;2005;7 500 000 USD;Metropolitan FilmExport;Good Night And Good Luck;#N/A;6 prix et 24 nominations;images/IMAGESJPEG_600_800/Good+Night+And+Good+Luck.jpg;images/IMAGESPNG_100_100/Good+Night+And+Good+Luck.png; 4 janvier 2006 (1h33min);George Clooney
85;Green+Zone;images/Synopsis/Green+Zone_Synopsis.txt;2010;100 000 000 USD;StudioCanal;Green Zone;YES;1 nomination;images/IMAGESJPEG_600_800/Green+Zone.jpg;images/IMAGESPNG_100_100/Green+Zone.png;14 avril 2010 (1h55min);Paul Greengrass
86;grownups+xvid-;images/Synopsis/grownups+xvid-_Synopsis.txt;2012;;Mars Distribution;grownups xvid-;#N/A;;images/IMAGESJPEG_600_800/grownups+xvid-.jpg;images/IMAGESPNG_100_100/grownups+xvid-.png;2 octobre 2013 (1h32min);Alexandre Coffre
87;Gullivers+Travels;images/Synopsis/Gullivers+Travels_Synopsis.txt;2010;112 000 000 USD;Twentieth Century Fox France;Gullivers Travels;#N/A;1 nomination;images/IMAGESJPEG_600_800/Gullivers+Travels.jpg;images/IMAGESPNG_100_100/Gullivers+Travels.png;23 fevrier 2011 (1h25min);Rob Letterman
88;H2g2+Le+Guide+Du+Voyageur+Galactique;images/Synopsis/H2g2+Le+Guide+Du+Voyageur+Galactique_Synopsis.txt;2005;50 000 000 USD;Buena Vista International;H2g2 Le Guide Du Voyageur Galactique;YES;;images/IMAGESJPEG_600_800/H2g2+Le+Guide+Du+Voyageur+Galactique.jpg;images/IMAGESPNG_100_100/H2g2+Le+Guide+Du+Voyageur+Galactique.png;17 aout 2005 (1h48min);Garth Jennings
89;Hante+par+ses+ex;images/Synopsis/Hante+par+ses+ex_Synopsis.txt;2009;-;Metropolitan FilmExport;Hante par ses ex;#N/A;;images/IMAGESJPEG_600_800/Hante+par+ses+ex.jpg;images/IMAGESPNG_100_100/Hante+par+ses+ex.png; 17 juin 2009 (1h40min);Mark Waters
90;Hante+Par+Ses+Ex;images/Synopsis/Hante+Par+Ses+Ex_Synopsis.txt;2009;-;Metropolitan FilmExport;Hante Par Ses Ex;#N/A;;images/IMAGESJPEG_600_800/Hante+Par+Ses+Ex.jpg;images/IMAGESPNG_100_100/Hante+Par+Ses+Ex.png; 17 juin 2009 (1h40min);Mark Waters
91;Hell;images/Synopsis/Hell_Synopsis.txt;2005;;SND;Hell;YES;;images/IMAGESJPEG_600_800/Hell.jpg;images/IMAGESPNG_100_100/Hell.png;1 mars 2006 (1h40min);Bruno Chiche
92;Hercule;images/Synopsis/Hercule_Synopsis.txt;2014;-;Paramount Pictures France;Hercule;YES;;images/IMAGESJPEG_600_800/Hercule.jpg;images/IMAGESPNG_100_100/Hercule.png;19 mars 2014 (1h39min);Renny Harlin
93;Hibernatus;images/Synopsis/Hibernatus_Synopsis.txt;1969;;Gaumont;Hibernatus;YES;;images/IMAGESJPEG_600_800/Hibernatus.jpg;images/IMAGESPNG_100_100/Hibernatus.png; 10 septembre 1969 (1h18min);Edouard Molinaro
94;Highlander;images/Synopsis/Highlander_Synopsis.txt;2013;-;-;Highlander;#N/A;;images/IMAGESJPEG_600_800/Highlander.jpg;images/IMAGESPNG_100_100/Highlander.png;prochainement;Cedric Nicolas-Troyan
95;Hors+La+Loi;images/Synopsis/Hors+La+Loi_Synopsis.txt;2010;20 000 000 EUR;StudioCanal;Hors La Loi;YES;2 prix et 7 nominations;images/IMAGESJPEG_600_800/Hors+La+Loi.jpg;images/IMAGESPNG_100_100/Hors+La+Loi.png;22 septembre 2010 (2h18min);Rachid Bouchareb
96;Hot+Tub+Time+Machine;images/Synopsis/Hot+Tub+Time+Machine_Synopsis.txt;2010;-;Twentieth Century Fox France;Hot Tub Time Machine;YES;;images/IMAGESJPEG_600_800/Hot+Tub+Time+Machine.jpg;images/IMAGESPNG_100_100/Hot+Tub+Time+Machine.png;6 octobre 2010 (1h39min);Steve Pink
97;Hypertension;images/Synopsis/Hypertension_Synopsis.txt;2006;15 000 000 USD;TFM Distribution;Hypertension;YES;;images/IMAGESJPEG_600_800/Hypertension.jpg;images/IMAGESPNG_100_100/Hypertension.png;14 mars 2007 (1h23min);Mark Neveldine
98;Il+Ne+Faut+Jurer+De+Rien;images/Synopsis/Il+Ne+Faut+Jurer+De+Rien_Synopsis.txt;2004;12 000 000 EUR;SND;Il Ne Faut Jurer De Rien;YES;1 prix et 2 nominations;images/IMAGESJPEG_600_800/Il+Ne+Faut+Jurer+De+Rien.jpg;images/IMAGESPNG_100_100/Il+Ne+Faut+Jurer+De+Rien.png;28 septembre 2005 (1h35min);Eric Civanyan
99;I+Love+You+Phillip+Morris;images/Synopsis/I+Love+You+Phillip+Morris_Synopsis.txt;2009;13 000 000 USD;EuropaCorp Distribution;I Love You Phillip Morris;#N/A;10 nominations;images/IMAGESJPEG_600_800/I+Love+You+Phillip+Morris.jpg;images/IMAGESPNG_100_100/I+Love+You+Phillip+Morris.png;10 fevrier 2010 (1h36min);Glenn Ficarra, [10
100;Il+reste+du+jambon;images/Synopsis/Il+reste+du+jambon_Synopsis.txt;2010;;Gaumont Distribution;Il reste du jambon;YES;;images/IMAGESJPEG_600_800/Il+reste+du+jambon.jpg;images/IMAGESPNG_100_100/Il+reste+du+jambon.png; 27 octobre 2010 (1h30min);Anne Depetrini
101;Insidious;images/Synopsis/Insidious_Synopsis.txt;2013;5 000.000 USD;Sony Pictures Releasing France;Insidious;YES;;images/IMAGESJPEG_600_800/Insidious.jpg;images/IMAGESPNG_100_100/Insidious.png;15 juin 2011 (1h42min);James Wan
102;Into+the+Wild;images/Synopsis/Into+the+Wild_Synopsis.txt;2007;15 000 000 USD;Pathe Distribution;Into the Wild;YES;2 prix et 8 nominations;images/IMAGESJPEG_600_800/Into+the+Wild.jpg;images/IMAGESPNG_100_100/Into+the+Wild.png;9 janvier 2008 (2h27min);Sean Penn
103;Into+The+Wild;images/Synopsis/Into+The+Wild_Synopsis.txt;2007;15 000 000 USD;Pathe Distribution;Into The Wild;YES;2 prix et 8 nominations;images/IMAGESJPEG_600_800/Into+The+Wild.jpg;images/IMAGESPNG_100_100/Into+The+Wild.png;9 janvier 2008 (2h27min);Sean Penn
104;Intouchables;images/Synopsis/Intouchables_Synopsis.txt;2011;9 500 000 EUR;Gaumont Distribution;Intouchables;YES;16 prix et 21 nominations;images/IMAGESJPEG_600_800/Intouchables.jpg;images/IMAGESPNG_100_100/Intouchables.png;2 novembre 2011 (1h52min);Eric Toledano
105;Iron+Man;images/Synopsis/Iron+Man_Synopsis.txt;2008;75 000 000 USD;SND;Iron Man;YES;9 nominations;images/IMAGESJPEG_600_800/Iron+Man.jpg;images/IMAGESPNG_100_100/Iron+Man.png; 30 avril 2008 (2h5min);Jon Favreau
106;Its+Kind+Of+A+Funny+Story;images/Synopsis/Its+Kind+Of+A+Funny+Story_Synopsis.txt;2012;;Mars Distribution;Its Kind Of A Funny Story;YES;;images/IMAGESJPEG_600_800/Its+Kind+Of+A+Funny+Story.jpg;images/IMAGESPNG_100_100/Its+Kind+Of+A+Funny+Story.png;2 octobre 2013 (1h32min);Alexandre Coffre
107;Jason+Bourne+3+-+La+Vengeance+dans+la+Peau;images/Synopsis/Jason+Bourne+3+-+La+Vengeance+dans+la+Peau_Synopsis.txt;2007;110 000 000 USD;Paramount Pictures France;Jason Bourne 3 - La Vengeance dans la Peau;#N/A;5 prix et 8 nominations;images/IMAGESJPEG_600_800/Jason+Bourne+3+-+La+Vengeance+dans+la+Peau.jpg;images/IMAGESPNG_100_100/Jason+Bourne+3+-+La+Vengeance+dans+la+Peau.png;12 septembre 2007 (1h56min);Paul Greengrass
108;Je+suis+une+legende;images/Synopsis/Je+suis+une+legende_Synopsis.txt;2007;150 000 000 USD;Warner Bros. France;Je suis une legende;YES;3 prix et 1 nomination;images/IMAGESJPEG_600_800/Je+suis+une+legende.jpg;images/IMAGESPNG_100_100/Je+suis+une+legende.png;19 decembre 2007 (1h40min);Francis Lawrence
109;Jumper;images/Synopsis/Jumper_Synopsis.txt;2008;85 000 000 USD;Twentieth Century Fox France;Jumper;YES;1 prix et 1 nomination;images/IMAGESJPEG_600_800/Jumper.jpg;images/IMAGESPNG_100_100/Jumper.png;20 fevrier 2008 (1h35min);Doug Liman
110;Jumping+the+Broom;images/Synopsis/Jumping+the+Broom_Synopsis.txt;2011;;-;Jumping the Broom;YES;;images/IMAGESJPEG_600_800/Jumping+the+Broom.jpg;images/IMAGESPNG_100_100/Jumping+the+Broom.png;inconnue (1h53min);Salim Akil
111;juste+une+fois;images/Synopsis/juste+une+fois_Synopsis.txt;2006;-;Gaumont Columbia Tristar Films;juste une fois;YES;5 nominations;images/IMAGESJPEG_600_800/juste+une+fois.jpg;images/IMAGESPNG_100_100/juste+une+fois.png;21 fevrier 2007 (1h27min);Bobcat Goldthwait
112;Karate+Kid;images/Synopsis/Karate+Kid_Synopsis.txt;2010;-;Sony Pictures Releasing France;Karate Kid;#N/A;1 nomination;images/IMAGESJPEG_600_800/Karate+Kid.jpg;images/IMAGESPNG_100_100/Karate+Kid.png;18 aout 2010 (2h19min);Harald Zwart
113;Kerity+la+maison+des+contes;images/Synopsis/Kerity+la+maison+des+contes_Synopsis.txt;2009;-;Haut et Court;Kerity la maison des contes;#N/A;1 prix et 2 nominations;images/IMAGESJPEG_600_800/Kerity+la+maison+des+contes.jpg;images/IMAGESPNG_100_100/Kerity+la+maison+des+contes.png;16 decembre 2009 (1h20min);Dominique Monfery
114;Kill+Bill+1;images/Synopsis/Kill+Bill+1_Synopsis.txt;2003;55 000 000 USD;-;Kill Bill 1;YES;2 prix et 6 nominations;images/IMAGESJPEG_600_800/;images/IMAGESPNG_100_100/; 26 novembre 2003 (1h52min);Quentin Tarantino
115;Kill+Bill+2;images/Synopsis/Kill+Bill+2_Synopsis.txt;2004;30 000 000 USD;TFM Distribution;Kill Bill 2;YES;2 nominations;images/IMAGESJPEG_600_800/Kill+Bill+2.jpg;images/IMAGESPNG_100_100/Kill+Bill+2.png;17 mai 2004 (2h15min);Quentin Tarantino
116;Killer+Elite+R5;images/Synopsis/Killer+Elite+R5_Synopsis.txt;2012;;Mars Distribution;Killer Elite R5;#N/A;;images/IMAGESJPEG_600_800/Killer+Elite+R5.jpg;images/IMAGESPNG_100_100/Killer+Elite+R5.png;2 octobre 2013 (1h32min);Alexandre Coffre
117;Kingdom+Of+Heaven;images/Synopsis/Kingdom+Of+Heaven_Synopsis.txt;2005;130 000 000 USD;Pathe Distribution;Kingdom Of Heaven;YES;1 nomination;images/IMAGESJPEG_600_800/Kingdom+Of+Heaven.jpg;images/IMAGESPNG_100_100/Kingdom+Of+Heaven.png;4 mai 2005 (2h25min);Ridley Scott
118;King+Guillaume;images/Synopsis/King+Guillaume_Synopsis.txt;2008;-;Walt Disney Studios Motion Pictures France;King Guillaume;YES;3 nominations;images/IMAGESJPEG_600_800/King+Guillaume.jpg;images/IMAGESPNG_100_100/King+Guillaume.png;28 janvier 2009 (1h25min);Pierre-Francois Martin-Laval
119;Kiss+and+Kill;images/Synopsis/Kiss+and+Kill_Synopsis.txt;2010;75 000 000 USD;Metropolitan FilmExport;Kiss and Kill;YES;1 prix;images/IMAGESJPEG_600_800/Kiss+and+Kill.jpg;images/IMAGESPNG_100_100/Kiss+and+Kill.png;23 juin 2010 (1h40min);Robert Luketic
120;La+Defense+Lincoln;images/Synopsis/La+Defense+Lincoln_Synopsis.txt;2011;US$ 40 000 000;Metropolitan FilmExport;La Defense Lincoln;#N/A;;images/IMAGESJPEG_600_800/La+Defense+Lincoln.jpg;images/IMAGESPNG_100_100/La+Defense+Lincoln.png;25 mai 2011 (1h58min);Brad Furman
121;La+Derniere+Tentation+Du+Christ;images/Synopsis/La+Derniere+Tentation+Du+Christ_Synopsis.txt;1988;7 000 000 USD;-;La Derniere Tentation Du Christ;#N/A;3 nominations;images/IMAGESJPEG_600_800/La+Derniere+Tentation+Du+Christ.jpg;images/IMAGESPNG_100_100/La+Derniere+Tentation+Du+Christ.png;28 septembre 1988 (2h44min);Martin Scorsese
122;La+Fesse+-+LaFesse+Gauche;images/Synopsis/La+Fesse+-+LaFesse+Gauche_Synopsis.txt;2012;;Mars Distribution;La Fesse - LaFesse Gauche;#N/A;;images/IMAGESJPEG_600_800/La+Fesse+-+LaFesse+Gauche.jpg;images/IMAGESPNG_100_100/La+Fesse+-+LaFesse+Gauche.png;2 octobre 2013 (1h32min);Alexandre Coffre
123;L+Age+de+la+stupidite;images/Synopsis/L+Age+de+la+stupidite_Synopsis.txt;2009;450 000 £;-;L Age de la stupidite;#N/A;;images/IMAGESJPEG_600_800/L+Age+de+la+stupidite.jpg;images/IMAGESPNG_100_100/L+Age+de+la+stupidite.png; 22 septembre 2009 (1h29min);Franny Armstrong
124;La+Guerre+des+Peres;images/Synopsis/La+Guerre+des+Peres_Synopsis.txt;2010;-;Twentieth Century Fox France;La Guerre des Peres;#N/A;;images/IMAGESJPEG_600_800/La+Guerre+des+Peres.jpg;images/IMAGESPNG_100_100/La+Guerre+des+Peres.png;5 janvier 2011 (1h41min);Rick Famuyiwa
125;La+Haine;images/Synopsis/La+Haine_Synopsis.txt;1995;2 590 000 EUR;Mars Distribution;La Haine;YES;6 prix et 11 nominations;images/IMAGESJPEG_600_800/La+Haine.jpg;images/IMAGESPNG_100_100/La+Haine.png;31 mai 1995 (1h35min);Mathieu Kassovitz
126;la+jungle;images/Synopsis/la+jungle_Synopsis.txt;2005;-;SND;la jungle;YES;2 nominations;images/IMAGESJPEG_600_800/la+jungle.jpg;images/IMAGESPNG_100_100/la+jungle.png;12 juillet 2006 (1h39min);Matthieu Delaporte
127;La+loi+et+l'ordre;images/Synopsis/La+loi+et+l'ordre_Synopsis.txt;2008;60 000 000 USD;Metropolitan FilmExport;La loi et l'ordre;YES;1 nomination;images/IMAGESJPEG_600_800/La+loi+et+l'ordre.jpg;images/IMAGESPNG_100_100/La+loi+et+l'ordre.png; 8 octobre 2008 (1h40min);Jon Avnet
128;la+momie+3;images/Synopsis/la+momie+3_Synopsis.txt;2008;145 000 000 USD;Universal Pictures International France;la momie 3;YES;;images/IMAGESJPEG_600_800/la+momie+3.jpg;images/IMAGESPNG_100_100/la+momie+3.png;6 aout 2008 (1h51min);Rob Cohen
129;La+Personne+Aux+Deux+Personnes;images/Synopsis/La+Personne+Aux+Deux+Personnes_Synopsis.txt;2007;-;StudioCanal;La Personne Aux Deux Personnes;YES;1 nomination;images/IMAGESJPEG_600_800/La+Personne+Aux+Deux+Personnes.jpg;images/IMAGESPNG_100_100/La+Personne+Aux+Deux+Personnes.png;18 juin 2008 (1h24min);Nicolas Charlet
130;La+Premiere+Etoile;images/Synopsis/La+Premiere+Etoile_Synopsis.txt;2009;-;Mars Distribution;La Premiere Etoile;YES;2 prix et 2 nominations;images/IMAGESJPEG_600_800/La+Premiere+Etoile.jpg;images/IMAGESPNG_100_100/La+Premiere+Etoile.png;25 mars 2009 (1h30min);Lucien Jean-Baptiste
131;La+Princesse+Et+La+Grenouille;images/Synopsis/La+Princesse+Et+La+Grenouille_Synopsis.txt;2009;105 000 000 USD;Walt Disney Studios Motion Pictures France;La Princesse Et La Grenouille;#N/A;3 prix et 8 nominations;images/IMAGESJPEG_600_800/La+Princesse+Et+La+Grenouille.jpg;images/IMAGESPNG_100_100/La+Princesse+Et+La+Grenouille.png;27 janvier 2010 (1h37min);Ron Clements
132;L'Arme+Fatale;images/Synopsis/L'Arme+Fatale_Synopsis.txt;1987;15 000 000 USD;-;L'Arme Fatale;YES;1 nomination;images/IMAGESJPEG_600_800/L'Arme+Fatale.jpg;images/IMAGESPNG_100_100/L'Arme+Fatale.png;5 aout 1987 (1h50min);Richard Donner
133;L'Arnacoeur;images/Synopsis/L'Arnacoeur_Synopsis.txt;2010;€8 7 000 000;Universal Pictures International France;L'Arnacoeur;YES;3 prix et 7 nominations;images/IMAGESJPEG_600_800/L'Arnacoeur.jpg;images/IMAGESPNG_100_100/L'Arnacoeur.png;17 mars 2010 (1h45min);Pascal Chaumeil
134;L'arnaque+Fr;images/Synopsis/L'arnaque+Fr_Synopsis.txt;2012;;Mars Distribution;L'arnaque Fr;#N/A;;images/IMAGESJPEG_600_800/L'arnaque+Fr.jpg;images/IMAGESPNG_100_100/L'arnaque+Fr.png;2 octobre 2013 (1h32min);Alexandre Coffre
135;Lascars;images/Synopsis/Lascars_Synopsis.txt;2009;10 000 000 EUR;Bac Films;Lascars;YES;2 nominations;images/IMAGESJPEG_600_800/Lascars.jpg;images/IMAGESPNG_100_100/Lascars.png;17 juin 2009 (1h31min);Albert Pereira Lazaro
136;Las+Vegas+Parano;images/Synopsis/Las+Vegas+Parano_Synopsis.txt;1998;18 500 000 USD;-;Las Vegas Parano;#N/A;5 nominations;images/IMAGESJPEG_600_800/Las+Vegas+Parano.jpg;images/IMAGESPNG_100_100/Las+Vegas+Parano.png;19 aout 1998 (1h58min);Terry Gilliam
137;La+Tour+Montparnasse+Infernale;images/Synopsis/La+Tour+Montparnasse+Infernale_Synopsis.txt;2000;;UFD;La Tour Montparnasse Infernale;YES;;images/IMAGESJPEG_600_800/La+Tour+Montparnasse+Infernale.jpg;images/IMAGESPNG_100_100/La+Tour+Montparnasse+Infernale.png;28 mars 2001 (1h32min);Charles Nemes
138;L'attaque+du+metro+123;images/Synopsis/L'attaque+du+metro+123_Synopsis.txt;2009;100 000 000 USD;Sony Pictures Releasing France;L'attaque du metro 123;#N/A;;images/IMAGESJPEG_600_800/L'attaque+du+metro+123.jpg;images/IMAGESPNG_100_100/L'attaque+du+metro+123.png;29 juillet 2009 (1h45min);Tony Scott
139;La+Verite+si+je+mens+1;images/Synopsis/La+Verite+si+je+mens+1_Synopsis.txt;1997;24 000 000 FF;AFMD;La Verite si je mens 1;YES;1 prix et 4 nominations;images/IMAGESJPEG_600_800/La+Verite+si+je+mens+1.jpg;images/IMAGESPNG_100_100/La+Verite+si+je+mens+1.png;30 avril 1997 (1h40min);Thomas Gilou
140;La+Vie+De+d+Gale;images/Synopsis/La+Vie+De+d+Gale_Synopsis.txt;2012;;Mars Distribution;La Vie De d Gale;#N/A;;images/IMAGESJPEG_600_800/La+Vie+De+d+Gale.jpg;images/IMAGESPNG_100_100/La+Vie+De+d+Gale.png;2 octobre 2013 (1h32min);Alexandre Coffre
141;Law+Abiding+Citizen;images/Synopsis/Law+Abiding+Citizen_Synopsis.txt;2009;40 000 000 USD;Wild Bunch Distribution;Law Abiding Citizen;#N/A;;images/IMAGESJPEG_600_800/Law+Abiding+Citizen.jpg;images/IMAGESPNG_100_100/Law+Abiding+Citizen.png;22 decembre 2010 (1h48min);F. Gary Gray
142;Le+51E+Etat;images/Synopsis/Le+51E+Etat_Synopsis.txt;2001;28 000 000 USD;Metropolitan FilmExport;Le 51E Etat;YES;;images/IMAGESJPEG_600_800/Le+51E+Etat.jpg;images/IMAGESPNG_100_100/Le+51E+Etat.png;10 juillet 2002 (1h31min);Ronny Yu
143;Le+Baiser+Mortel+Du+Dragon;images/Synopsis/Le+Baiser+Mortel+Du+Dragon_Synopsis.txt;2001;-;EuropaCorp Distribution;Le Baiser Mortel Du Dragon;YES;;images/IMAGESJPEG_600_800/Le+Baiser+Mortel+Du+Dragon.jpg;images/IMAGESPNG_100_100/Le+Baiser+Mortel+Du+Dragon.png;1 aout 2001 (1h38min);Chris Nahon
144;Le+Baltringue;images/Synopsis/Le+Baltringue_Synopsis.txt;2008;;MC4 Distribution;Le Baltringue;YES;;images/IMAGESJPEG_600_800/Le+Baltringue.jpg;images/IMAGESPNG_100_100/Le+Baltringue.png; 27 janvier 2010 (1h26min);Cyril Sebas
145;Le+Boss;images/Synopsis/Le+Boss_Synopsis.txt;2005;20 000 000 USD;Metropolitan FilmExport;Le Boss;YES;1 nomination;images/IMAGESJPEG_600_800/Le+Boss.jpg;images/IMAGESPNG_100_100/Le+Boss.png;16 octobre 2013 (2h23min);Anthony D'Souza
146;Le+Chasseur+de+Primes;images/Synopsis/Le+Chasseur+de+Primes_Synopsis.txt;2010;40 000 000 USD;Sony Pictures Releasing France;Le Chasseur de Primes;YES;4 nominations;images/IMAGESJPEG_600_800/Le+Chasseur+de+Primes.jpg;images/IMAGESPNG_100_100/Le+Chasseur+de+Primes.png; 14 avril 2010 (1h41min);Andy Tennant
147;Le+Dernier+roi+d'Ecosse;images/Synopsis/Le+Dernier+roi+d'Ecosse_Synopsis.txt;2006;6 000 000 USD;Twentieth Century Fox France;Le Dernier roi d'Ecosse;YES;8 prix et 7 nominations;images/IMAGESJPEG_600_800/Le+Dernier+roi+d'Ecosse.jpg;images/IMAGESPNG_100_100/Le+Dernier+roi+d'Ecosse.png; 14 fevrier 2007 (2h5min);Kevin Macdonald
148;Le+Dernier+Samourai;images/Synopsis/Le+Dernier+Samourai_Synopsis.txt;2003;100 000 000 USD;Warner Bros. France;Le Dernier Samourai;YES;7 nominations;images/IMAGESJPEG_600_800/Le+Dernier+Samourai.jpg;images/IMAGESPNG_100_100/Le+Dernier+Samourai.png;14 janvier 2004 (2h24min);Edward Zwick
149;Le+Grand+Bleu;images/Synopsis/Le+Grand+Bleu_Synopsis.txt;1988;10 650 000 EUR;-;Le Grand Bleu;YES;2 prix et 6 nominations;images/IMAGESJPEG_600_800/Le+Grand+Bleu.jpg;images/IMAGESPNG_100_100/Le+Grand+Bleu.png;9 octobre 2013 (2h57min);Abdellatif Kechiche
150;Le+Journal+de+Bridget+Jones;images/Synopsis/Le+Journal+de+Bridget+Jones_Synopsis.txt;2001;26 000 000 USD;-;Le Journal de Bridget Jones;YES;6 nominations;images/IMAGESJPEG_600_800/Le+Journal+de+Bridget+Jones.jpg;images/IMAGESPNG_100_100/Le+Journal+de+Bridget+Jones.png; 10 octobre 2001 (1h37min);Sharon Maguire
151;Le+Journal+d'une+baby;images/Synopsis/Le+Journal+d'une+baby_Synopsis.txt;2006;US$ 20 000 000;TFM Distribution;Le Journal d'une baby;#N/A;;images/IMAGESJPEG_600_800/Le+Journal+d'une+baby.jpg;images/IMAGESPNG_100_100/Le+Journal+d'une+baby.png; 14 mai 2008 (1h44min);Robert Pulcini, [10
152;L'Elite+De+Brooklyn;images/Synopsis/L'Elite+De+Brooklyn_Synopsis.txt;2009;25 000 000 USD;Metropolitan FilmExport;L'Elite De Brooklyn;#N/A;;images/IMAGESJPEG_600_800/L'Elite+De+Brooklyn.jpg;images/IMAGESPNG_100_100/L'Elite+De+Brooklyn.png;5 mai 2010 (2h7min);Antoine Fuqua
153;Le+Monde+De+Nemo;images/Synopsis/Le+Monde+De+Nemo_Synopsis.txt;2003;94 000 000 USD;The Walt Disney Company France;Le Monde De Nemo;YES;1 prix et 7 nominations;images/IMAGESJPEG_600_800/Le+Monde+De+Nemo.jpg;images/IMAGESPNG_100_100/Le+Monde+De+Nemo.png;26 novembre 2003 (1h41min);Andrew Stanton
154;L'Enquête+-+The+International;images/Synopsis/L'Enquête+-+The+International_Synopsis.txt;2009;50 000 000 USD;Sony Pictures Releasing France;L'Enquête - The International;#N/A;;images/IMAGESJPEG_600_800/L'Enquête+-+The+International.jpg;images/IMAGESPNG_100_100/L'Enquête+-+The+International.png;11 mars 2009 (1h58min);Tom Tykwer
155;Leon+Version+Longue;images/Synopsis/Leon+Version+Longue_Synopsis.txt;2012;;Mars Distribution;Leon Version Longue;#N/A;;images/IMAGESJPEG_600_800/Leon+Version+Longue.jpg;images/IMAGESPNG_100_100/Leon+Version+Longue.png;2 octobre 2013 (1h32min);Alexandre Coffre
156;Le+Roi+Arthur;images/Synopsis/Le+Roi+Arthur_Synopsis.txt;2004;90 000 000 USD;Buena Vista International;Le Roi Arthur;YES;;images/IMAGESJPEG_600_800/Le+Roi+Arthur.jpg;images/IMAGESPNG_100_100/Le+Roi+Arthur.png;4 aout 2004 (2h6min);Antoine Fuqua
157;Les+Beaux+Gosses;images/Synopsis/Les+Beaux+Gosses_Synopsis.txt;2009;-;Pathe Distribution;Les Beaux Gosses;#N/A;3 prix et 13 nominations;images/IMAGESJPEG_600_800/Les+Beaux+Gosses.jpg;images/IMAGESPNG_100_100/Les+Beaux+Gosses.png;10 juin 2009 (1h30min);Riad Sattouf
158;Lesbian+Vampire+Killers;images/Synopsis/Lesbian+Vampire+Killers_Synopsis.txt;2009;;-;Lesbian Vampire Killers;#N/A;;images/IMAGESJPEG_600_800/Lesbian+Vampire+Killers.jpg;images/IMAGESPNG_100_100/Lesbian+Vampire+Killers.png;1 janvier 2012 - en DVD (1h22min);Phil Claydon
159;Le+Scaphandre+Et+Le+Papillon;images/Synopsis/Le+Scaphandre+Et+Le+Papillon_Synopsis.txt;2007;-;Pathe Distribution;Le Scaphandre Et Le Papillon;#N/A;11 prix et 25 nominations;images/IMAGESJPEG_600_800/Le+Scaphandre+Et+Le+Papillon.jpg;images/IMAGESPNG_100_100/Le+Scaphandre+Et+Le+Papillon.png;23 mai 2007 (1h52min);Julian Schnabel
160;Les+Derniers+Jours+Du+Monde;images/Synopsis/Les+Derniers+Jours+Du+Monde_Synopsis.txt;2008;-;Wild Bunch Distribution;Les Derniers Jours Du Monde;YES;1 nomination;images/IMAGESJPEG_600_800/Les+Derniers+Jours+Du+Monde.jpg;images/IMAGESPNG_100_100/Les+Derniers+Jours+Du+Monde.png;19 aout 2009 (2h10min);Jean-Marie Larrieu
161;Le+Seigneur+Des+Anneaux+3+-+Le+Retour+Du+Roi+Version+Longue+part;images/Synopsis/Le+Seigneur+Des+Anneaux+3+-+Le+Retour+Du+Roi+Version+Longue+part_Synopsis.txt;2012;;Mars Distribution;Le Seigneur Des Anneaux 3 - Le Retour Du Roi Version Longue part;#N/A;;images/IMAGESJPEG_600_800/Le+Seigneur+Des+Anneaux+3+-+Le+Retour+Du+Roi+Version+Longue+part.jpg;images/IMAGESPNG_100_100/Le+Seigneur+Des+Anneaux+3+-+Le+Retour+Du+Roi+Version+Longue+part.png;2 octobre 2013 (1h32min);Alexandre Coffre
162;Le+seminaire;images/Synopsis/Le+seminaire_Synopsis.txt;2008;;TFM Distribution;Le seminaire;YES;;images/IMAGESJPEG_600_800/Le+seminaire.jpg;images/IMAGESPNG_100_100/Le+seminaire.png;11 fevrier 2009 (1h35min);Charles Nemes
163;Le+Silencieux;images/Synopsis/Le+Silencieux_Synopsis.txt;1973;;-;Le Silencieux;YES;;images/IMAGESJPEG_600_800/Le+Silencieux.jpg;images/IMAGESPNG_100_100/Le+Silencieux.png;fevrier 1973 (1h52min);Claude Pinoteau
164;Les+insures;images/Synopsis/Les+insures_Synopsis.txt;2008;50 000 000 USD;Metropolitan FilmExport;Les insures;#N/A;2 nominations;images/IMAGESJPEG_600_800/Les+insures.jpg;images/IMAGESPNG_100_100/Les+insures.png;14 janvier 2009 (2h17min);Edward Zwick
165;les+lois+de+l+attraction;images/Synopsis/les+lois+de+l+attraction_Synopsis.txt;2002;4 000 000 USD;Metropolitan FilmExport;les lois de l attraction;YES;;images/IMAGESJPEG_600_800/les+lois+de+l+attraction.jpg;images/IMAGESPNG_100_100/les+lois+de+l+attraction.png; 12 mars 2003 (1h50min);Roger Avary
166;Le+sourire+de+Mona+Lisa;images/Synopsis/Le+sourire+de+Mona+Lisa_Synopsis.txt;2002;65 000 000 USD;Columbia TriStar Films;Le sourire de Mona Lisa;YES;1 nomination;images/IMAGESJPEG_600_800/Le+sourire+de+Mona+Lisa.jpg;images/IMAGESPNG_100_100/Le+sourire+de+Mona+Lisa.png;21 janvier 2004 (1h59min);Mike Newell
167;Les+Petits+Mouchoirs;images/Synopsis/Les+Petits+Mouchoirs_Synopsis.txt;2010;17 000 000 EUR;EuropaCorp Distribution;Les Petits Mouchoirs;YES;4 prix et 5 nominations;images/IMAGESJPEG_600_800/Les+Petits+Mouchoirs.jpg;images/IMAGESPNG_100_100/Les+Petits+Mouchoirs.png;20 octobre 2010 (2h34min);Guillaume Canet
168;Les+Trois+Royaumes;images/Synopsis/Les+Trois+Royaumes_Synopsis.txt;2007;-;-;Les Trois Royaumes;#N/A;;images/IMAGESJPEG_600_800/Les+Trois+Royaumes.jpg;images/IMAGESPNG_100_100/Les+Trois+Royaumes.png;inconnue (1h15min);Imagine Hi
169;Lettres+D+Iwo+Jima;images/Synopsis/Lettres+D+Iwo+Jima_Synopsis.txt;2006;19 000 000 USD;Warner Bros. France;Lettres D Iwo Jima;#N/A;4 prix et 6 nominations;images/IMAGESJPEG_600_800/Lettres+D+Iwo+Jima.jpg;images/IMAGESPNG_100_100/Lettres+D+Iwo+Jima.png; 21 fevrier 2007 (2h19min);Clint Eastwood
170;L'experience;images/Synopsis/L'experience_Synopsis.txt;2001;-;Metropolitan FilmExport;L'experience;#N/A;;images/IMAGESJPEG_600_800/L'experience.jpg;images/IMAGESPNG_100_100/L'experience.png;19 fevrier 2014 (1h40min);Jean-Stephane Bron
171;L'illusioniste;images/Synopsis/L'illusioniste_Synopsis.txt;2010;11 000 000 Pfund;Pathe Distribution;L'illusioniste;#N/A;2 prix et 2 nominations;images/IMAGESJPEG_600_800/L'illusioniste.jpg;images/IMAGESPNG_100_100/L'illusioniste.png; 16 juin 2010 (1h20min);Sylvain Chomet
172;L'Illusionniste;images/Synopsis/L'Illusionniste_Synopsis.txt;2010;11 000 000 Pfund;Pathe Distribution;L'Illusionniste;#N/A;2 prix et 2 nominations;images/IMAGESJPEG_600_800/L'Illusionniste.jpg;images/IMAGESPNG_100_100/L'Illusionniste.png; 16 juin 2010 (1h20min);Sylvain Chomet
173;L'Italien;images/Synopsis/L'Italien_Synopsis.txt;2010;-;Pathe Distribution;L'Italien;#N/A;1 nomination;images/IMAGESJPEG_600_800/L'Italien.jpg;images/IMAGESPNG_100_100/L'Italien.png;14 juillet 2010 (1h42min);Olivier Baroux
174;Little+Miss+Sunshine;images/Synopsis/Little+Miss+Sunshine_Synopsis.txt;2006;8 000 000 USD;Twentieth Century Fox France;Little Miss Sunshine;YES;13 prix et 17 nominations;images/IMAGESJPEG_600_800/Little+Miss+Sunshine.jpg;images/IMAGESPNG_100_100/Little+Miss+Sunshine.png;6 septembre 2006 (1h40min);Jonathan Dayton
175;LMDF;images/Synopsis/LMDF_Synopsis.txt;2012;;Mars Distribution;LMDF;#N/A;;images/IMAGESJPEG_600_800/LMDF.jpg;images/IMAGESPNG_100_100/LMDF.png;2 octobre 2013 (1h32min);Alexandre Coffre
176;Love+And+Other+Drugs;images/Synopsis/Love+And+Other+Drugs_Synopsis.txt;2010;US$ 30 millhões;Twentieth Century Fox France;Love And Other Drugs;YES;2 nominations;images/IMAGESJPEG_600_800/Love+And+Other+Drugs.jpg;images/IMAGESPNG_100_100/Love+And+Other+Drugs.png;29 decembre 2010 (1h52min);Edward Zwick
177;Love+&+the+city;images/Synopsis/Love+&+the+city_Synopsis.txt;2012;;Mars Distribution;Love & the city;YES;;images/IMAGESJPEG_600_800/Love+&+the+city.jpg;images/IMAGESPNG_100_100/Love+&+the+city.png;2 octobre 2013 (1h32min);Alexandre Coffre
178;L'univers+de+Stephen+Hawking+-+Voyager+à+travers+le+temps;images/Synopsis/L'univers+de+Stephen+Hawking+-+Voyager+à+travers+le+temps_Synopsis.txt;2012;;Mars Distribution;L'univers de Stephen Hawking - Voyager à travers le temps;#N/A;;images/IMAGESJPEG_600_800/L'univers+de+Stephen+Hawking+-+Voyager+à+travers+le+temps.jpg;images/IMAGESPNG_100_100/L'univers+de+Stephen+Hawking+-+Voyager+à+travers+le+temps.png;2 octobre 2013 (1h32min);Alexandre Coffre
179;macgrube;images/Synopsis/macgrube_Synopsis.txt;2012;;Mars Distribution;macgrube;#N/A;;images/IMAGESJPEG_600_800/macgrube.jpg;images/IMAGESPNG_100_100/macgrube.png;2 octobre 2013 (1h32min);Alexandre Coffre
180;Machete;images/Synopsis/Machete_Synopsis.txt;2013;;Wild Bunch Distribution;Machete;YES;;images/IMAGESJPEG_600_800/Machete.jpg;images/IMAGESPNG_100_100/Machete.png;1 decembre 2010 (1h45min);Robert Rodriguez
181;Manhattan;images/Synopsis/Manhattan_Synopsis.txt;1979;-;-;Manhattan;#N/A;4 prix et 7 nominations;images/IMAGESJPEG_600_800/Manhattan.jpg;images/IMAGESPNG_100_100/Manhattan.png; 5 decembre 1979 (1h36min);Woody Allen
182;Ma+Prof+Est+Une+BomBe;images/Synopsis/Ma+Prof+Est+Une+BomBe_Synopsis.txt;2008;-;-;Ma Prof Est Une BomBe;YES;;images/IMAGESJPEG_600_800/Ma+Prof+Est+Une+BomBe.jpg;images/IMAGESPNG_100_100/Ma+Prof+Est+Une+BomBe.png; 3 juillet 2012 - en DVD (1h30min);Luca Biglione
183;Marie+Antoinette;images/Synopsis/Marie+Antoinette_Synopsis.txt;2005;40 000 000 USD;Pathe Distribution;Marie Antoinette;YES;2 prix et 11 nominations;images/IMAGESJPEG_600_800/Marie+Antoinette.jpg;images/IMAGESPNG_100_100/Marie+Antoinette.png;24 mai 2006 (2h3min);Sofia Coppola
184;Mauvaise+foi;images/Synopsis/Mauvaise+foi_Synopsis.txt;2006;4 800 000 EUR;Wild Bunch Distribution;Mauvaise foi;YES;5 prix et 10 nominations;images/IMAGESJPEG_600_800/Mauvaise+foi.jpg;images/IMAGESPNG_100_100/Mauvaise+foi.png;6 decembre 2006 (1h28min);Roschdy Zem
185;Max+Payne;images/Synopsis/Max+Payne_Synopsis.txt;2008;35 000 000 USD;Twentieth Century Fox France;Max Payne;#N/A;1 nomination;images/IMAGESJPEG_600_800/Max+Payne.jpg;images/IMAGESPNG_100_100/Max+Payne.png;12 novembre 2008 (1h40min);John Moore
186;Megamind+2010;images/Synopsis/Megamind+2010_Synopsis.txt;2012;;Mars Distribution;Megamind 2010;#N/A;;images/IMAGESJPEG_600_800/Megamind+2010.jpg;images/IMAGESPNG_100_100/Megamind+2010.png;2 octobre 2013 (1h32min);Alexandre Coffre
187;Memoire+D'une+Geisha;images/Synopsis/Memoire+D'une+Geisha_Synopsis.txt;2004;85 000 000 USD;Mars Distribution;Memoire D'une Geisha;#N/A;7 prix et 9 nominations;images/IMAGESJPEG_600_800/Memoire+D'une+Geisha.jpg;images/IMAGESPNG_100_100/Memoire+D'une+Geisha.png;1 mars 2006 (2h20min);Rob Marshall
188;Mensonges+d'Etat;images/Synopsis/Mensonges+d'Etat_Synopsis.txt;2008;70 000 000 USD;Warner Bros. France;Mensonges d'Etat;#N/A;;images/IMAGESJPEG_600_800/Mensonges+d'Etat.jpg;images/IMAGESPNG_100_100/Mensonges+d'Etat.png;5 novembre 2008 (2h8min);Ridley Scott
189;Mesrine+L'ennemi+Public+Numero+1;images/Synopsis/Mesrine+L'ennemi+Public+Numero+1_Synopsis.txt;2008;20 000 000 EUR;Pathe Distribution;Mesrine L'ennemi Public Numero 1;#N/A;7 prix et 10 nominations;images/IMAGESJPEG_600_800/Mesrine+L'ennemi+Public+Numero+1.jpg;images/IMAGESPNG_100_100/Mesrine+L'ennemi+Public+Numero+1.png;19 novembre 2008 (2h10min);Jean-Francois Richet
190;Mise+a+Prix;images/Synopsis/Mise+a+Prix_Synopsis.txt;2010;-;-;Mise a Prix;#N/A;;images/IMAGESJPEG_600_800/Mise+a+Prix.jpg;images/IMAGESPNG_100_100/Mise+a+Prix.png;27 avril 2010 - en DVD (1h26min);P.J. Pesce
191;Miss+Detective;images/Synopsis/Miss+Detective_Synopsis.txt;2000;45 000 000 USD;Warner Bros. France;Miss Detective;#N/A;2 nominations;images/IMAGESJPEG_600_800/Miss+Detective.jpg;images/IMAGESPNG_100_100/Miss+Detective.png;4 avril 2001 (1h49min);Donald Petrie
192;Mon+babysitter;images/Synopsis/Mon+babysitter_Synopsis.txt;2009;-;Rezo Films;Mon babysitter;#N/A;;images/IMAGESJPEG_600_800/Mon+babysitter.jpg;images/IMAGESPNG_100_100/Mon+babysitter.png;17 novembre 2010 (1h34min);Bart Freundlich
193;MONGOL;images/Synopsis/MONGOL_Synopsis.txt;2007;-;Metropolitan FilmExport;MONGOL;#N/A;2 nominations;images/IMAGESJPEG_600_800/MONGOL.jpg;images/IMAGESPNG_100_100/MONGOL.png;9 avril 2008 (2h4min);Sergey Bodrov
194;No+Limit;images/Synopsis/No+Limit_Synopsis.txt;2010;-;-;No Limit;YES;;images/IMAGESJPEG_600_800/No+Limit.jpg;images/IMAGESPNG_100_100/No+Limit.png;19 octobre 2010 - en DVD (1h37min);Gregor Jordan
195;Nos+Amis+Les+Flics;images/Synopsis/Nos+Amis+Les+Flics_Synopsis.txt;2003;;TFM Distribution;Nos Amis Les Flics;YES;;images/IMAGESJPEG_600_800/Nos+Amis+Les+Flics.jpg;images/IMAGESPNG_100_100/Nos+Amis+Les+Flics.png;4 aout 2004 (1h30min);Bob Swaim
196;Nos+Amis+Les+Terriens;images/Synopsis/Nos+Amis+Les+Terriens_Synopsis.txt;2006;-;Les Films 13;Nos Amis Les Terriens;YES;2 nominations;images/IMAGESJPEG_600_800/Nos+Amis+Les+Terriens.jpg;images/IMAGESPNG_100_100/Nos+Amis+Les+Terriens.png; 18 avril 2007 (1h25min);Bernard Werber
197;One+Flew+Over+The+Cuckoo's+Nest;images/Synopsis/One+Flew+Over+The+Cuckoo's+Nest_Synopsis.txt;1975;4 4 000 000 USD;-;One Flew Over The Cuckoo's Nest;#N/A;15 prix et 4 nominations;images/IMAGESJPEG_600_800/One+Flew+Over+The+Cuckoo's+Nest.jpg;images/IMAGESPNG_100_100/One+Flew+Over+The+Cuckoo's+Nest.png;1 mars 1976 (2h9min);Milos Forman
198;Orange+mecanique;images/Synopsis/Orange+mecanique_Synopsis.txt;1971;2 200 000 USD;Warner Bros. France;Orange mecanique;YES;9 nominations;images/IMAGESJPEG_600_800/Orange+mecanique.jpg;images/IMAGESPNG_100_100/Orange+mecanique.png; 21 avril 1972 (2h16min);Stanley Kubrick
199;OSS+117+-+Rio+ne+repond+plus;images/Synopsis/OSS+117+-+Rio+ne+repond+plus_Synopsis.txt;2008;20 000 000 EUR;Gaumont;OSS 117 - Rio ne repond plus;#N/A;4 nominations;images/IMAGESJPEG_600_800/OSS+117+-+Rio+ne+repond+plus.jpg;images/IMAGESPNG_100_100/OSS+117+-+Rio+ne+repond+plus.png;15 avril 2009 (1h40min);Michel Hazanavicius
200;Panique+aux+Funerailles;images/Synopsis/Panique+aux+Funerailles_Synopsis.txt;2010;-;-;Panique aux Funerailles;YES;;images/IMAGESJPEG_600_800/Panique+aux+Funerailles.jpg;images/IMAGESPNG_100_100/Panique+aux+Funerailles.png;22 septembre 2010 - en DVD (1h30min);Neil LaBute
201;Pan's+Labyrinth;images/Synopsis/Pan's+Labyrinth_Synopsis.txt;2006;13 5 000 000 USD;Wild Bunch Distribution;Pan's Labyrinth;#N/A;13 prix et 22 nominations;images/IMAGESJPEG_600_800/Pan's+Labyrinth.jpg;images/IMAGESPNG_100_100/Pan's+Labyrinth.png;1 novembre 2006 (1h52min);Guillermo del Toro
202;Paul;images/Synopsis/Paul_Synopsis.txt;2011;;Universal Pictures International France;Paul;YES;;images/IMAGESJPEG_600_800/Paul.jpg;images/IMAGESPNG_100_100/Paul.png;2 mars 2011 (1h42min);Greg Mottola
203;Pour+Le+Meilleur+Et+Pour+Le+Rire;images/Synopsis/Pour+Le+Meilleur+Et+Pour+Le+Rire_Synopsis.txt;2002;US$ 18 000 000;UFD;Pour Le Meilleur Et Pour Le Rire;YES;;images/IMAGESJPEG_600_800/Pour+Le+Meilleur+Et+Pour+Le+Rire.jpg;images/IMAGESPNG_100_100/Pour+Le+Meilleur+Et+Pour+Le+Rire.png; 9 juillet 2003 (1h36min);Shawn Levy
204;Predictions;images/Synopsis/Predictions_Synopsis.txt;2009;50 000 000 USD;SND;Predictions;#N/A;;images/IMAGESJPEG_600_800/Predictions.jpg;images/IMAGESPNG_100_100/Predictions.png;1 avril 2009 (2h1min);Alex Proyas
205;Prince+of+Persia++les+sables+du+temps;images/Synopsis/Prince+of+Persia++les+sables+du+temps_Synopsis.txt;2010;200 000 000 USD;Walt Disney Studios Motion Pictures France;Prince of Persia  les sables du temps;#N/A;;images/IMAGESJPEG_600_800/Prince+of+Persia++les+sables+du+temps.jpg;images/IMAGESPNG_100_100/Prince+of+Persia++les+sables+du+temps.png;26 mai 2010 (2h6min);Mike Newell
206;P+S+I+Love+You;images/Synopsis/P+S+I+Love+You_Synopsis.txt;2009;40 000 000 USD;Paramount Pictures France;P S I Love You;#N/A;1 nomination;images/IMAGESJPEG_600_800/P+S+I+Love+You.jpg;images/IMAGESPNG_100_100/P+S+I+Love+You.png;29 juillet 2009 (1h45min);John Hamburg
207;Ramona+et+Beezus;images/Synopsis/Ramona+et+Beezus_Synopsis.txt;2010;-;Twentieth Century Fox France;Ramona et Beezus;#N/A;;images/IMAGESJPEG_600_800/Ramona+et+Beezus.jpg;images/IMAGESPNG_100_100/Ramona+et+Beezus.png;19 janvier 2011 (1h43min);Elizabeth Allen
208;Rec+2007;images/Synopsis/Rec+2007_Synopsis.txt;2012;;Mars Distribution;Rec 2007;#N/A;;images/IMAGESJPEG_600_800/Rec+2007.jpg;images/IMAGESPNG_100_100/Rec+2007.png;2 octobre 2013 (1h32min);Alexandre Coffre
209;Religolo;images/Synopsis/Religolo_Synopsis.txt;2008;-;Metropolitan FilmExport;Religolo;YES;;images/IMAGESJPEG_600_800/Religolo.jpg;images/IMAGESPNG_100_100/Religolo.png;21 janvier 2009 (1h40min);Larry Charles
210;Rendez+vous+l'ete+prochain;images/Synopsis/Rendez+vous+l'ete+prochain_Synopsis.txt;2010;-;Le Pacte;Rendez vous l'ete prochain;#N/A;5 nominations;images/IMAGESJPEG_600_800/Rendez+vous+l'ete+prochain.jpg;images/IMAGESPNG_100_100/Rendez+vous+l'ete+prochain.png;29 decembre 2010 (1h31min);Philip Seymour Hoffman
211;Requiem+for+a+Dream;images/Synopsis/Requiem+for+a+Dream_Synopsis.txt;2000;4 500 000 USD;Sagittaire Films;Requiem for a Dream;YES;2 nominations;images/IMAGESJPEG_600_800/Requiem+for+a+Dream.jpg;images/IMAGESPNG_100_100/Requiem+for+a+Dream.png;21 mars 2001 (1h50min);Darren Aronofsky
212;Robin+des+Bois;images/Synopsis/Robin+des+Bois_Synopsis.txt;2010;200 000 000 USD;Universal Pictures International France;Robin des Bois;YES;1 nomination;images/IMAGESJPEG_600_800/Robin+des+Bois.jpg;images/IMAGESPNG_100_100/Robin+des+Bois.png;12 mai 2010 (2h20min);Ridley Scott
213;RTT;images/Synopsis/RTT_Synopsis.txt;2008;;StudioCanal;RTT;YES;;images/IMAGESJPEG_600_800/RTT.jpg;images/IMAGESPNG_100_100/RTT.png;9 decembre 2009 (1h28min);Frederic Berthe
214;Salt;images/Synopsis/Salt_Synopsis.txt;2010;110 000 000 USD;Sony Pictures Releasing France;Salt;YES;1 nomination;images/IMAGESJPEG_600_800/Salt.jpg;images/IMAGESPNG_100_100/Salt.png;25 aout 2010 (1h41min);Phillip Noyce
215;Saw+I;images/Synopsis/Saw+I_Synopsis.txt;2006;10 000 000 USD;Metropolitan FilmExport;Saw I;YES;3 nominations;images/IMAGESJPEG_600_800/Saw+I.jpg;images/IMAGESPNG_100_100/Saw+I.png;22 novembre 2006 (1h47min);Darren Lynn Bousman
216;Shaun+Of+The+Dead;images/Synopsis/Shaun+Of+The+Dead_Synopsis.txt;2004;;Rogue Pictures;Shaun Of The Dead;#N/A;;images/IMAGESJPEG_600_800/Shaun+Of+The+Dead.jpg;images/IMAGESPNG_100_100/Shaun+Of+The+Dead.png;27 juillet 2005 (1h39min);Edgar Wright
217;Sheitan;images/Synopsis/Sheitan_Synopsis.txt;2005;-;Mars Distribution;Sheitan;#N/A;1 nomination;images/IMAGESJPEG_600_800/Sheitan.jpg;images/IMAGESPNG_100_100/Sheitan.png;1 fevrier 2006 (1h35min);Kim Chapiron
218;Shutter+Island;images/Synopsis/Shutter+Island_Synopsis.txt;2010;;Paramount Pictures France;Shutter Island;YES;;images/IMAGESJPEG_600_800/Shutter+Island.jpg;images/IMAGESPNG_100_100/Shutter+Island.png;24 fevrier 2010 (2h17min);Martin Scorsese
219;Slevin;images/Synopsis/Slevin_Synopsis.txt;2006;-;Metropolitan FilmExport;Slevin;YES;;images/IMAGESJPEG_600_800/Slevin.jpg;images/IMAGESPNG_100_100/Slevin.png;28 juin 2006 (1h48min);Paul McGuigan
220;Slumdog+Millionaire;images/Synopsis/Slumdog+Millionaire_Synopsis.txt;2008;15 000 000 USD;Pathe Distribution;Slumdog Millionaire;YES;26 prix et 17 nominations;images/IMAGESJPEG_600_800/Slumdog+Millionaire.jpg;images/IMAGESPNG_100_100/Slumdog+Millionaire.png;14 janvier 2009 (2h0min);Danny Boyle
221;spiderman+3;images/Synopsis/spiderman+3_Synopsis.txt;2007;258 000 000 USD;Gaumont Columbia Tristar Films;spiderman 3;YES;1 prix et 11 nominations;images/IMAGESJPEG_600_800/spiderman+3.jpg;images/IMAGESPNG_100_100/spiderman+3.png;1 mai 2007 (2h19min);Sam Raimi
222;Summer+Wars;images/Synopsis/Summer+Wars_Synopsis.txt;2009;-;Eurozoom;Summer Wars;YES;3 nominations;images/IMAGESJPEG_600_800/Summer+Wars.jpg;images/IMAGESPNG_100_100/Summer+Wars.png;9 juin 2010 (1h54min);Mamoru Hosoda
223;SWAT+;images/Synopsis/SWAT+_Synopsis.txt;2003;80 000 000 USD;Columbia TriStar Films;SWAT ;#N/A;;images/IMAGESJPEG_600_800/SWAT+.jpg;images/IMAGESPNG_100_100/SWAT+.png; 3 decembre 2003 (1h57min);Clark Johnson
224;Sweet+and+Lowdown;images/Synopsis/Sweet+and+Lowdown_Synopsis.txt;1999;US$ 29 7 000 000;Pyramide Distribution;Sweet and Lowdown;#N/A;4 nominations;images/IMAGESJPEG_600_800/Sweet+and+Lowdown.jpg;images/IMAGESPNG_100_100/Sweet+and+Lowdown.png;26 janvier 2000 (1h35min);Woody Allen
225;The+Devils+Double;images/Synopsis/The+Devils+Double_Synopsis.txt;2011;;-;The Devils Double;YES;;images/IMAGESJPEG_600_800/The+Devils+Double.jpg;images/IMAGESPNG_100_100/The+Devils+Double.png;2 mai 2012 - en DVD (1h49min);Lee Tamahori
226;The+Expendables;images/Synopsis/The+Expendables_Synopsis.txt;2010;80 000 000 USD;Metropolitan FilmExport;The Expendables;YES;1 nomination;images/IMAGESJPEG_600_800/The+Expendables.jpg;images/IMAGESPNG_100_100/The+Expendables.png;18 aout 2010 (1h45min);Sylvester Stallone
227;The+Girl+Next+Door;images/Synopsis/The+Girl+Next+Door_Synopsis.txt;2007;;-;The Girl Next Door;YES;;images/IMAGESJPEG_600_800/The+Girl+Next+Door.jpg;images/IMAGESPNG_100_100/The+Girl+Next+Door.png;3 mars 2009 - en DVD (1h31min);Gregory Wilson
228;The+Grudge+2;images/Synopsis/The+Grudge+2_Synopsis.txt;2006;-;Metropolitan FilmExport;The Grudge 2;YES;2 nominations;images/IMAGESJPEG_600_800/The+Grudge+2.jpg;images/IMAGESPNG_100_100/The+Grudge+2.png;27 decembre 2006 (1h42min);Takashi Shimizu
229;The+Joneses;images/Synopsis/The+Joneses_Synopsis.txt;2009;5 000 000 USD;UGC Ph;The Joneses;YES;4 nominations;images/IMAGESJPEG_600_800/The+Joneses.jpg;images/IMAGESPNG_100_100/The+Joneses.png;17 novembre 2010 (1h36min);Derrick Borte
230;themist;images/Synopsis/themist_Synopsis.txt;2007;18 000 000 USD;TFM Distribution;themist;#N/A;1 prix et 2 nominations;images/IMAGESJPEG_600_800/themist.jpg;images/IMAGESPNG_100_100/themist.png;27 fevrier 2008 (2h0min);Frank Darabont
231;The+Notebook;images/Synopsis/The+Notebook_Synopsis.txt;2004;30 000 000 USD;Metropolitan FilmExport;The Notebook;#N/A;;images/IMAGESJPEG_600_800/The+Notebook.jpg;images/IMAGESPNG_100_100/The+Notebook.png;8 septembre 2004 (2h1min);Nick Cassavetes
232;The+Switch;images/Synopsis/The+Switch_Synopsis.txt;2010;19 000 000 USD;Metropolitan FilmExport;The Switch;YES;1 nomination;images/IMAGESJPEG_600_800/The+Switch.jpg;images/IMAGESPNG_100_100/The+Switch.png; 25 aout 2010 (1h42min);Josh Gordon
233;The+Ten;images/Synopsis/The+Ten_Synopsis.txt;1956;13 500 000 USD;Swashbuckler Films;The Ten;YES;1 nomination;images/IMAGESJPEG_600_800/The+Ten.jpg;images/IMAGESPNG_100_100/The+Ten.png;inconnue (1h33min);David Wain
234;The+Tourist;images/Synopsis/The+Tourist_Synopsis.txt;2010;100 000 000 USD;StudioCanal;The Tourist;YES;3 nominations;images/IMAGESJPEG_600_800/The+Tourist.jpg;images/IMAGESPNG_100_100/The+Tourist.png;15 decembre 2010 (1h43min);Florian Henckel von Donnersmarck
235;The+Visitor;images/Synopsis/The+Visitor_Synopsis.txt;2007;-;TFM Distribution;The Visitor;#N/A;2 prix et 8 nominations;images/IMAGESJPEG_600_800/The+Visitor.jpg;images/IMAGESPNG_100_100/The+Visitor.png;29 octobre 2008 (1h45min);Thomas McCarthy
236;The+Worlds+Greatest+Dad;images/Synopsis/The+Worlds+Greatest+Dad_Synopsis.txt;2009;;-;The Worlds Greatest Dad;YES;;images/IMAGESJPEG_600_800/The+Worlds+Greatest+Dad.jpg;images/IMAGESPNG_100_100/The+Worlds+Greatest+Dad.png;prochainement (1h38min);Bobcat Goldthwait
237;The+Wrestler;images/Synopsis/The+Wrestler_Synopsis.txt;2008;6 000 000 USD;Mars Distribution;The Wrestler;#N/A;7 prix et 8 nominations;images/IMAGESJPEG_600_800/The+Wrestler.jpg;images/IMAGESPNG_100_100/The+Wrestler.png;18 fevrier 2009 (1h45min);Darren Aronofsky
238;TiMER;images/Synopsis/TiMER_Synopsis.txt;2009;;-;TiMER;YES;;images/IMAGESJPEG_600_800/TiMER.jpg;images/IMAGESPNG_100_100/TiMER.png; 21 juin 2013 - en DVD (1h40min);Jac Schaeffer
239;Titanic+II;images/Synopsis/Titanic+II_Synopsis.txt;2012;;Mars Distribution;Titanic II;#N/A;;images/IMAGESJPEG_600_800/Titanic+II.jpg;images/IMAGESPNG_100_100/Titanic+II.png;2 octobre 2013 (1h32min);Alexandre Coffre
240;Tout+sur+Jamel;images/Synopsis/Tout+sur+Jamel_Synopsis.txt;2012;;Mars Distribution;Tout sur Jamel;#N/A;;images/IMAGESJPEG_600_800/Tout+sur+Jamel.jpg;images/IMAGESPNG_100_100/Tout+sur+Jamel.png;2 octobre 2013 (1h32min);Alexandre Coffre
241;Toy+Boy;images/Synopsis/Toy+Boy_Synopsis.txt;2009;-;MK2 Diffusion;Toy Boy;YES;;images/IMAGESJPEG_600_800/Toy+Boy.jpg;images/IMAGESPNG_100_100/Toy+Boy.png;8 juillet 2009 (1h35min);David MacKenzie
242;ts+uj+ht+up+leloup+enjoy;images/Synopsis/ts+uj+ht+up+leloup+enjoy_Synopsis.txt;2012;;Mars Distribution;ts uj ht up leloup enjoy;#N/A;;images/IMAGESJPEG_600_800/ts+uj+ht+up+leloup+enjoy.jpg;images/IMAGESPNG_100_100/ts+uj+ht+up+leloup+enjoy.png;;
243;Twilight+3;images/Synopsis/Twilight+3_Synopsis.txt;2010;68 000 000 USD;SND;Twilight 3;YES;6 prix et 9 nominations;images/IMAGESJPEG_600_800/Twilight+3.jpg;images/IMAGESPNG_100_100/Twilight+3.png;7 juillet 2010 (2h4min);David Slade
244;TWILIGHTX;images/Synopsis/TWILIGHTX_Synopsis.txt;2008;37 000 000 USD;SND;TWILIGHTX;#N/A;5 prix et 2 nominations;images/IMAGESJPEG_600_800/TWILIGHTX.jpg;images/IMAGESPNG_100_100/TWILIGHTX.png; 7 janvier 2009 (2h10min);Catherine Hardwicke
245;Une+Annee+De+Beaux+Gosses;images/Synopsis/Une+Annee+De+Beaux+Gosses_Synopsis.txt;2012;;Mars Distribution;Une Annee De Beaux Gosses;#N/A;;images/IMAGESJPEG_600_800/Une+Annee+De+Beaux+Gosses.jpg;images/IMAGESPNG_100_100/Une+Annee+De+Beaux+Gosses.png;2 octobre 2013 (1h32min);Alexandre Coffre
246;Une+famille+tres+moderne;images/Synopsis/Une+famille+tres+moderne_Synopsis.txt;2010;19 000 000 USD;Metropolitan FilmExport;Une famille tres moderne;#N/A;1 nomination;images/IMAGESJPEG_600_800/Une+famille+tres+moderne.jpg;images/IMAGESPNG_100_100/Une+famille+tres+moderne.png; 25 aout 2010 (1h42min);Josh Gordon
247;Un+Jour+Sur+Terre;images/Synopsis/Un+Jour+Sur+Terre_Synopsis.txt;2007;40 000 000 USD;Gaumont Distribution;Un Jour Sur Terre;#N/A;;images/IMAGESJPEG_600_800/Un+Jour+Sur+Terre.jpg;images/IMAGESPNG_100_100/Un+Jour+Sur+Terre.png; 10 octobre 2007 (1h30min);Alastair Fothergill
248;valkyrie;images/Synopsis/valkyrie_Synopsis.txt;2008;95 000 000 USD;TFM Distribution;valkyrie;YES;;images/IMAGESJPEG_600_800/valkyrie.jpg;images/IMAGESPNG_100_100/valkyrie.png;28 janvier 2009 (1h50min);Bryan Singer
249;Valse+avec+Bachir;images/Synopsis/Valse+avec+Bachir_Synopsis.txt;2008;1 500 000 USD;Le Pacte;Valse avec Bachir;YES;5 prix et 18 nominations;images/IMAGESJPEG_600_800/Valse+avec+Bachir.jpg;images/IMAGESPNG_100_100/Valse+avec+Bachir.png;25 juin 2008 (1h27min);Ari Folman
250;Va+Vis+Et+Deviens;images/Synopsis/Va+Vis+Et+Deviens_Synopsis.txt;2005;5 330 000 EUR;Les Films du Losange;Va Vis Et Deviens;#N/A;2 prix et 5 nominations;images/IMAGESJPEG_600_800/Va+Vis+Et+Deviens.jpg;images/IMAGESPNG_100_100/Va+Vis+Et+Deviens.png;30 mars 2005 (2h20min);Radu Mihaileanu
251;Venus+Noir;images/Synopsis/Venus+Noir_Synopsis.txt;2012;;Mars Distribution;Venus Noir;YES;;images/IMAGESJPEG_600_800/Venus+Noir.jpg;images/IMAGESPNG_100_100/Venus+Noir.png;2 octobre 2013 (1h32min);Alexandre Coffre
252;Very+Bad+Cops;images/Synopsis/Very+Bad+Cops_Synopsis.txt;2010;100 000 000 USD;Sony Pictures Releasing France;Very Bad Cops;YES;;images/IMAGESJPEG_600_800/Very+Bad+Cops.jpg;images/IMAGESPNG_100_100/Very+Bad+Cops.png; 27 octobre 2010 (1h47min);Adam McKay
253;Very+Bad+Things;images/Synopsis/Very+Bad+Things_Synopsis.txt;1998;10 000 000 USD;SND;Very Bad Things;YES;1 prix et 4 nominations;images/IMAGESJPEG_600_800/Very+Bad+Things.jpg;images/IMAGESPNG_100_100/Very+Bad+Things.png;17 fevrier 1999 (1h40min);Peter Berg
254;Volt++Star+Malgre+Lui;images/Synopsis/Volt++Star+Malgre+Lui_Synopsis.txt;2008;150 000 000 USD;Walt Disney Studios Motion Pictures France;Volt  Star Malgre Lui;#N/A;9 nominations;images/IMAGESJPEG_600_800/Volt++Star+Malgre+Lui.jpg;images/IMAGESPNG_100_100/Volt++Star+Malgre+Lui.png;4 fevrier 2009 (1h35min);Chris Williams
255;Volver;images/Synopsis/Volver_Synopsis.txt;2005;-;Pathe Distribution;Volver;YES;13 prix et 17 nominations;images/IMAGESJPEG_600_800/Volver.jpg;images/IMAGESPNG_100_100/Volver.png;19 mai 2006 (2h1min);Pedro Almodóvar
256;Wall+Street+l'argent+ne+dort+jamais;images/Synopsis/Wall+Street+l'argent+ne+dort+jamais_Synopsis.txt;2010;70 000 000 USD;Twentieth Century Fox France;Wall Street l'argent ne dort jamais;#N/A;1 nomination;images/IMAGESJPEG_600_800/Wall+Street+l'argent+ne+dort+jamais.jpg;images/IMAGESPNG_100_100/Wall+Street+l'argent+ne+dort+jamais.png;29 septembre 2010 (2h11min);Oliver Stone
257;Wall+Street+Money+Never+Sleeps;images/Synopsis/Wall+Street+Money+Never+Sleeps_Synopsis.txt;2010;70 000 000 USD;Twentieth Century Fox France;Wall Street Money Never Sleeps;#N/A;1 nomination;images/IMAGESJPEG_600_800/Wall+Street+Money+Never+Sleeps.jpg;images/IMAGESPNG_100_100/Wall+Street+Money+Never+Sleeps.png;29 septembre 2010 (2h11min);Oliver Stone
258;We+Own+The+Night;images/Synopsis/We+Own+The+Night_Synopsis.txt;2007;28 000 000 USD;Wild Bunch Distribution;We Own The Night;#N/A;11 nominations;images/IMAGESJPEG_600_800/We+Own+The+Night.jpg;images/IMAGESPNG_100_100/We+Own+The+Night.png;28 novembre 2007 (1h54min);James Gray
259;W+T;images/Synopsis/W+T_Synopsis.txt;2012;;Mars Distribution;W T;#N/A;;images/IMAGESJPEG_600_800/W+T.jpg;images/IMAGESPNG_100_100/W+T.png;2 octobre 2013 (1h32min);Alexandre Coffre
260;You+Again+2010;images/Synopsis/You+Again+2010_Synopsis.txt;2012;;Mars Distribution;You Again 2010;#N/A;;images/IMAGESJPEG_600_800/You+Again+2010.jpg;images/IMAGESPNG_100_100/You+Again+2010.png;2 octobre 2013 (1h32min);Alexandre Coffre
261;Zodiac;images/Synopsis/Zodiac_Synopsis.txt;2007;85 000 000 USD;Warner Bros. France;Zodiac;YES;11 nominations;images/IMAGESJPEG_600_800/Zodiac.jpg;images/IMAGESPNG_100_100/Zodiac.png; 17 mai 2007 (2h36min);David Fincher
262;Zoom;images/Synopsis/Zoom_Synopsis.txt;2006;35 000 000 USD;Gaumont Columbia Tristar Films;Zoom;YES;1 nomination;images/IMAGESJPEG_600_800/Zoom.jpg;images/IMAGESPNG_100_100/Zoom.png;20 juin 2007 - en DVD (1h23min);Peter Hewitt
